{"cameraMode":{"drawMode":0,"name":"Shaded","section":"Shading Mode"},"sceneLighting":false,"audioPlay":false,"sceneViewState":{"showFog":true,"showMaterialUpdate":false,"showSkybox":true,"showFlares":true,"showImageEffects":true,"showParticleSystems":true},"in2DMode":false,"pivot":{"x":668.1249389648438,"y":98.82508850097656,"z":262.3536376953125},"rotation":{"x":-0.006029017269611359,"y":0.9736838936805725,"z":-0.001961178844794631,"w":-0.22831882536411286},"size":24.34703826904297,"orthographic":false}