{"cameraMode":{"drawMode":0,"name":"Shaded","section":"Shading Mode"},"sceneLighting":false,"audioPlay":false,"sceneViewState":{"showFog":true,"showMaterialUpdate":false,"showSkybox":true,"showFlares":true,"showImageEffects":true,"showParticleSystems":true},"in2DMode":false,"pivot":{"x":474.8052673339844,"y":-12.835136413574219,"z":369.476318359375},"rotation":{"x":0.18226443231105805,"y":0.6620340347290039,"z":-0.17905643582344056,"w":0.7047293186187744},"size":32.73923110961914,"orthographic":false}