{"cameraMode":{"drawMode":0,"name":"Shaded","section":"Shading Mode"},"sceneLighting":false,"audioPlay":false,"sceneViewState":{"showFog":true,"showMaterialUpdate":false,"showSkybox":true,"showFlares":true,"showImageEffects":true,"showParticleSystems":true},"in2DMode":false,"pivot":{"x":491.19476318359377,"y":32.300655364990237,"z":413.29864501953127},"rotation":{"x":-0.01457738596946001,"y":0.9794503450393677,"z":-0.1965377926826477,"w":-0.04534890502691269},"size":95.65522003173828,"orthographic":false}