{"cameraMode":{"drawMode":0,"name":"Shaded","section":"Shading Mode"},"sceneLighting":false,"audioPlay":false,"sceneViewState":{"showFog":true,"showMaterialUpdate":false,"showSkybox":false,"showFlares":true,"showImageEffects":true,"showParticleSystems":true},"in2DMode":false,"pivot":{"x":-0.019675657153129579,"y":0.05358414351940155,"z":0.0003685802221298218},"rotation":{"x":-0.06490109115839005,"y":0.8984413743019104,"z":-0.12842145562171937,"w":-0.4148479998111725},"size":0.9515162110328674,"orthographic":false}